currency,user_id,id,amount_native,amount_usd,requested_at,finished_at,yearweek,yearmonth,requested_day_of_week,time_to_complete,possible_error,conversion_rate
BTC,44017161,117200,17.44995048,1234.82563,2020-11-24 22:59:35,2020-01-25 14:00:02,2020-47,2020-11,Tuesday,-7304.9925,True,70.76384723356534
UNI,47236714,106297,27.35033448,853.1702416,2020-02-29 23:57:55,2020-01-02 01:00:19,2020-08,2020-02,Saturday,-1414.96,True,31.194142880551713
XRP,43482050,106296,17.52966406,541.1617821,2020-02-29 23:48:22,2020-01-02 01:00:06,2020-08,2020-02,Saturday,-1414.8044444444445,True,30.87120096812625
MATIC,47626266,106290,17.48013883,588.884123,2020-02-29 22:01:32,2020-01-01 01:00:02,2020-08,2020-02,Saturday,-1437.025,True,33.68875549142306
AVAX,47796521,106286,17.44761205,546.6951123,2020-02-29 21:36:02,2020-01-01 02:00:17,2020-08,2020-02,Saturday,-1435.5958333333333,True,31.333520640722867
UNI,47919599,106284,18.08071366,556.3074292,2020-02-29 21:18:48,2020-01-01 02:00:07,2020-08,2020-02,Saturday,-1435.3113888888888,True,30.76800173163076
PEPE,46397105,106283,17.44661688,571.9254289,2020-02-29 21:08:19,2020-01-01 01:00:10,2020-08,2020-02,Saturday,-1436.1358333333333,True,32.781451718334516
SHIB,42776587,106276,44.0775704,2190.370608,2020-02-29 20:21:05,2020-01-01 01:00:17,2020-08,2020-02,Saturday,-1435.3466666666666,True,49.69354227382733
PEPE,46392198,106275,17.44677519,1271.694399,2020-02-29 20:19:59,2020-01-01 01:00:09,2020-08,2020-02,Saturday,-1435.3305555555555,True,72.8899401265226
UNI,43358016,106274,152.0982479,4848.265309,2020-02-29 20:14:48,2020-01-01 02:00:07,2020-08,2020-02,Saturday,-1434.2447222222222,True,31.875878755602685
PEPE,42863538,106271,17.44667533,830.2777595,2020-02-29 19:28:00,2020-01-01 01:00:09,2020-08,2020-02,Saturday,-1434.4641666666666,True,47.58945436855332
AVAX,47626266,106269,17.46887885,773.3976575,2020-02-29 19:01:23,2020-01-01 02:00:17,2020-08,2020-02,Saturday,-1433.0183333333334,True,44.272884604726656
PEPE,47626266,106267,17.44673817,1108.039033,2020-02-29 19:00:27,2020-01-01 01:00:09,2020-08,2020-02,Saturday,-1434.005,True,63.509810384229546
BTC,46911271,106262,17.4598111,2644.193722,2020-02-29 17:41:20,2020-01-01 12:00:14,2020-08,2020-02,Saturday,-1421.685,True,151.44457788549613
UNI,46911271,106261,37.82223572,1188.5365,2020-02-29 17:41:08,2020-01-01 02:00:06,2020-08,2020-02,Saturday,-1431.683888888889,True,31.42427932602393
WECAN,46911271,106260,17.45338252,689.242002,2020-02-29 17:40:57,2020-01-01 01:00:15,2020-08,2020-02,Saturday,-1432.6783333333333,True,39.49045414034734
SUSHI,46911271,106259,17.49670415,755.0393905,2020-02-29 17:40:47,2020-01-01 02:00:41,2020-08,2020-02,Saturday,-1431.6683333333333,True,43.153235262310815
USDT,46911271,106258,38.82625471,659.7187918,2020-02-29 17:40:21,2020-01-01 01:00:05,2020-08,2020-02,Saturday,-1432.671111111111,True,16.991564000379473
PEPE,46275571,106256,17.44694709,2031.48426,2020-02-29 17:21:34,2020-01-01 01:00:09,2020-08,2020-02,Saturday,-1432.3569444444445,True,116.43780711436777
PEPE,47626266,106252,17.44661868,579.9063889,2020-02-29 17:00:31,2020-01-01 01:00:09,2020-08,2020-02,Saturday,-1432.006111111111,True,33.23889858180817
MATIC,46847713,106251,17.45003878,541.4098906,2020-02-29 16:46:42,2020-01-01 01:00:02,2020-08,2020-02,Saturday,-1431.7777777777778,True,31.026285810924715
PEPE,43519663,106230,17.44661411,559.6984822,2020-02-29 14:39:30,2020-01-01 01:00:09,2020-08,2020-02,Saturday,-1429.6558333333332,True,32.08063631551257
SHIB,47626266,106225,17.61565827,546.5017068,2020-02-29 14:00:49,2020-01-01 01:00:17,2020-08,2020-02,Saturday,-1429.0088888888888,True,31.02363240837323
MATIC,47626266,106220,17.45328006,546.5220856,2020-02-29 13:01:48,2020-01-01 01:00:02,2020-08,2020-02,Saturday,-1428.0294444444444,True,31.31343127029384
AVAX,47626266,106219,17.46937748,778.7130326,2020-02-29 13:01:28,2020-01-01 02:00:17,2020-08,2020-02,Saturday,-1427.0197222222223,True,44.57588906596803
PEPE,45415118,106217,17.44662877,624.4968264,2020-02-29 13:00:53,2020-01-01 01:00:09,2020-08,2020-02,Saturday,-1428.0122222222221,True,35.794699058069085
PEPE,47626266,106216,17.44671898,1023.227741,2020-02-29 13:00:28,2020-01-01 01:00:09,2020-08,2020-02,Saturday,-1428.0052777777778,True,58.64872026499506
PEPE,45856451,106215,17.44665902,758.1797084,2020-02-29 13:00:20,2020-01-01 01:00:09,2020-08,2020-02,Saturday,-1428.0030555555556,True,43.457014178523224
PEPE,43493969,106209,17.44665369,734.6374876,2020-02-29 12:29:59,2020-01-01 01:00:08,2020-08,2020-02,Saturday,-1427.4975,True,42.10764428831853
AVAX,47107103,106206,17.44843963,555.5170323,2020-02-29 12:00:16,2020-01-01 02:00:17,2020-08,2020-02,Saturday,-1425.9997222222223,True,31.837633856088253
BTC,43860007,106201,17.4470257,602.579589,2020-02-29 11:15:54,2020-01-01 12:00:14,2020-08,2020-02,Saturday,-1415.2611111111112,True,34.5376684462613
PEPE,46671111,106199,17.44702083,2357.415271,2020-02-29 11:06:40,2020-01-01 01:00:08,2020-08,2020-02,Saturday,-1426.108888888889,True,135.11849925383507
EUROC,43590181,106198,19.11104385,641.1870339,2020-02-29 11:06:36,2020-01-01 02:01:05,2020-08,2020-02,Saturday,-1425.0919444444444,True,33.550602412541686
AVAX,47626266,106191,17.45583864,634.3899018,2020-02-29 10:01:31,2020-01-01 02:00:16,2020-08,2020-02,Saturday,-1424.0208333333333,True,36.34256221561865
SUSHI,46744956,106189,17.44814569,542.7202061,2020-02-29 09:58:22,2020-01-01 02:00:41,2020-08,2020-02,Saturday,-1423.961388888889,True,31.104749796481098
UNI,43818405,106188,21.70152025,672.2650123,2020-02-29 09:54:33,2020-01-01 02:00:06,2020-08,2020-02,Saturday,-1423.9075,True,30.97778425453857
SHIB,42639629,106187,18.29547065,588.7330631,2020-02-29 09:49:21,2020-01-01 01:00:17,2020-08,2020-02,Saturday,-1424.8177777777778,True,32.17917015433544
BTC,43535912,106185,17.44668911,548.8328723,2020-02-29 09:29:06,2020-01-01 12:00:14,2020-08,2020-02,Saturday,-1413.4811111111112,True,31.45770918709286
MATIC,47626266,106183,17.44795694,538.1263887,2020-02-29 09:01:37,2020-01-01 01:00:02,2020-08,2020-02,Saturday,-1424.026388888889,True,30.84179944680675
WECAN,47626266,106180,17.4466238,536.3405535,2020-02-29 09:00:58,2020-01-01 01:00:15,2020-08,2020-02,Saturday,-1424.0119444444445,True,30.741796215036175
XRP,47626266,106179,17.44661641,536.0004758,2020-02-29 09:00:43,2020-01-01 01:00:19,2020-08,2020-02,Saturday,-1424.0066666666667,True,30.72231676354028
PEPE,47626266,106178,17.44660983,540.7693596,2020-02-29 09:00:27,2020-01-01 01:00:08,2020-08,2020-02,Saturday,-1424.0052777777778,True,30.995669924946103
UNI,43237758,106176,18.36926279,565.5483148,2020-02-29 08:13:43,2020-01-01 02:00:06,2020-08,2020-02,Saturday,-1422.2269444444444,True,30.78775241366123
PEPE,46446166,106175,17.44661552,565.9312852,2020-02-29 08:08:42,2020-01-01 01:00:08,2020-08,2020-02,Saturday,-1423.1427777777778,True,32.43788370020778
BTC,43237758,106174,17.4467336,555.9365098,2020-02-29 08:08:04,2020-01-01 12:00:14,2020-08,2020-02,Saturday,-1412.1305555555555,True,31.864790427017233
BTC,44514755,106173,17.44660875,536.0006591,2020-02-29 08:05:20,2020-01-01 12:00:14,2020-08,2020-02,Saturday,-1412.085,True,30.722340758630242
XRP,47626266,106170,17.44725089,536.0399081,2020-02-29 08:00:51,2020-01-01 01:00:18,2020-08,2020-02,Saturday,-1423.0091666666667,True,30.72345961433011
PEPE,44091163,106168,17.4466245,605.6340634,2020-02-29 07:47:30,2020-01-01 01:00:08,2020-08,2020-02,Saturday,-1422.7894444444444,True,34.71353804857782
SUSHI,42746152,106167,17.79956096,2079.264208,2020-02-29 07:42:24,2020-01-01 02:00:41,2020-08,2020-02,Saturday,-1421.6952777777778,True,116.81547722849002
PEPE,47626266,106165,17.44693442,1975.505715,2020-02-29 07:00:25,2020-01-01 01:00:08,2020-08,2020-02,Saturday,-1422.0047222222222,True,113.229388466974
USDC,42744908,106162,17.47989745,560.6368955,2020-02-29 06:36:04,2020-01-01 01:00:12,2020-08,2020-02,Saturday,-1421.5977777777778,True,32.07323710586186
AVAX,47626266,106160,17.44987504,570.8183856,2020-02-29 06:01:26,2020-01-01 02:00:16,2020-08,2020-02,Saturday,-1420.0194444444444,True,32.711889586115916
UNI,47626266,106152,17.44661059,536.000059,2020-02-29 04:01:25,2020-01-01 02:00:06,2020-08,2020-02,Saturday,-1418.0219444444444,True,30.722303122144712
XRP,47626266,106150,17.44660952,536.0000476,2020-02-29 03:02:26,2020-01-01 01:00:18,2020-08,2020-02,Saturday,-1418.0355555555554,True,30.72230435292049
UNI,43649387,106142,61.61423363,1972.462862,2020-02-29 23:13:41,2020-01-01 02:00:06,2020-08,2020-02,Saturday,-1437.2263888888888,True,32.01310388513227
AVAX,47626266,105946,17.45530619,633.4449203,2020-02-29 22:01:26,2020-01-05 20:00:03,2020-08,2020-02,Saturday,-1322.0230555555556,True,36.289533589671166
AVAX,47626266,105928,17.44660883,536.0008578,2020-02-29 21:01:23,2020-01-05 20:00:03,2020-08,2020-02,Saturday,-1321.0222222222221,True,30.722352006788242
AVAX,46009052,105922,17.47997834,909.8682926,2020-02-29 20:26:18,2020-01-05 20:00:02,2020-08,2020-02,Saturday,-1320.4377777777777,True,52.052026318471974
AVAX,46198428,105915,17.4473441,544.2387628,2020-02-29 20:12:00,2020-01-05 20:00:02,2020-08,2020-02,Saturday,-1320.1994444444445,True,31.19321540749575
AVAX,47626266,105913,17.44895826,562.3235514,2020-02-29 20:01:26,2020-01-05 20:00:02,2020-08,2020-02,Saturday,-1320.0233333333333,True,32.22676924438927
AVAX,44745622,105909,17.44747505,545.7059337,2020-02-29 19:52:07,2020-01-05 20:00:02,2020-08,2020-02,Saturday,-1319.8680555555557,True,31.27707201965593
USDT,46853328,105907,31.07745264,617.0353529,2020-02-29 19:35:45,2020-01-01 16:00:24,2020-08,2020-02,Saturday,-1419.5891666666666,True,19.85475965638862
AVAX,47626266,105891,17.45368144,615.2414992,2020-02-29 19:01:29,2020-01-05 20:00:02,2020-08,2020-02,Saturday,-1319.0241666666666,True,35.249955793853424
AVAX,47789540,105861,17.45998013,685.8111271,2020-02-29 17:19:45,2020-01-05 20:00:02,2020-08,2020-02,Saturday,-1317.328611111111,True,39.279032507123475
AVAX,47626266,105854,17.44845475,556.6822762,2020-02-29 17:01:30,2020-01-05 20:00:02,2020-08,2020-02,Saturday,-1317.0244444444445,True,31.904388335591726
AVAX,47626266,105820,17.45115628,586.9499016,2020-02-29 15:01:20,2020-01-05 20:00:02,2020-08,2020-02,Saturday,-1315.0216666666668,True,33.63386884986397
AVAX,43863020,105805,17.49915358,1124.705151,2020-02-29 14:24:00,2020-01-05 20:00:01,2020-08,2020-02,Saturday,-1314.3997222222222,True,64.27197440483289
AVAX,44078245,105787,17.45245579,601.509482,2020-02-29 13:55:05,2020-01-05 20:00:01,2020-08,2020-02,Saturday,-1313.9177777777777,True,34.46560697461592
AVAX,46421884,105782,17.47838526,892.0196375,2020-02-29 13:40:12,2020-01-05 20:00:01,2020-08,2020-02,Saturday,-1313.6697222222222,True,51.035586195792554
AVAX,42738352,105749,59.0941039,467148.8525,2020-02-29 11:20:39,2020-01-05 20:00:01,2020-08,2020-02,Saturday,-1311.3438888888888,True,7905.168564541004
AVAX,47601866,105748,17.50241914,1161.291945,2020-02-29 11:20:27,2020-01-05 20:00:01,2020-08,2020-02,Saturday,-1311.3405555555555,True,66.35036766694641
AVAX,42738352,105746,17.45271903,604.4587733,2020-02-29 11:17:34,2020-01-05 20:00:01,2020-08,2020-02,Saturday,-1311.2925,True,34.634074625333604
USDT,42807377,105740,193.1126199,1580.334255,2020-02-29 11:10:47,2020-01-01 16:00:24,2020-08,2020-02,Saturday,-1411.1730555555555,True,8.183485138456247
AVAX,47626266,105724,17.44660878,536.0002984,2020-02-29 10:01:38,2020-01-05 20:00:01,2020-08,2020-02,Saturday,-1310.0269444444446,True,30.722320031297226
AVAX,43770255,105715,17.45808463,664.5741839,2020-02-29 09:11:35,2020-01-05 20:00:01,2020-08,2020-02,Saturday,-1309.1927777777778,True,38.066843985736824
AVAX,43460475,105687,17.50986178,1244.678359,2020-02-29 08:09:16,2020-01-05 20:00:01,2020-08,2020-02,Saturday,-1308.1541666666667,True,71.0844194339494
AVAX,47626266,105684,17.44884633,561.0695037,2020-02-29 08:01:36,2020-01-05 20:00:00,2020-08,2020-02,Saturday,-1308.0266666666666,True,32.155106021843224
AVAX,47159329,105675,17.46427582,733.9394933,2020-02-29 07:54:42,2020-01-05 20:00:00,2020-08,2020-02,Saturday,-1307.9116666666666,True,42.02518906964904
AVAX,47626266,100814,17.45004354,569.2929844,2020-03-30 23:01:20,2020-02-02 01:00:22,2020-13,2020-03,Monday,-1390.016111111111,True,32.62415839221453
SHIB,43576938,100806,20.77547896,742.888286,2020-03-30 21:11:14,2020-02-01 02:01:05,2020-13,2020-03,Monday,-1411.1691666666666,True,35.75793787620095
XRP,47626266,100801,17.44661141,536.0001655,2020-03-30 21:00:49,2020-02-01 01:00:07,2020-13,2020-03,Monday,-1412.0116666666668,True,30.722307782517408
PEPE,47680160,100799,17.45992423,53462.22522,2020-03-30 20:48:27,2020-02-01 02:01:00,2020-13,2020-03,Monday,-1410.7908333333332,True,3061.996404780504
XRP,47626266,100794,19.11104385,639.444473,2020-03-30 20:00:45,2020-02-01 01:00:07,2020-13,2020-03,Monday,-1411.0105555555556,True,33.45942157942356
SHIB,47634287,100791,19.11104385,639.444143,2020-03-30 19:35:35,2020-02-01 02:01:05,2020-13,2020-03,Monday,-1409.575,True,33.459404311920935
UNI,46780905,100781,18.23222212,566.6041258,2020-03-30 18:17:27,2020-02-01 02:00:46,2020-13,2020-03,Monday,-1408.2780555555555,True,31.077074537088848
SHIB,42776587,100780,20.77547896,742.888286,2020-03-30 18:16:39,2020-02-01 02:01:05,2020-13,2020-03,Monday,-1408.2594444444444,True,35.75793787620095
UNI,47626266,100777,17.44674756,536.0054076,2020-03-30 18:01:07,2020-02-01 02:00:46,2020-13,2020-03,Monday,-1408.0058333333334,True,30.72236849628608
UNI,46044125,100773,51.58977461,1866.071233,2020-03-30 17:21:53,2020-02-01 02:00:45,2020-13,2020-03,Monday,-1407.3522222222223,True,36.17133912886463
PEPE,46044125,100772,17.44712697,2595.823851,2020-03-30 17:21:35,2020-02-01 02:00:59,2020-13,2020-03,Monday,-1407.3433333333332,True,148.78230985900828
MATIC,47626266,100770,17.46194837,562.8794567,2020-03-30 17:01:40,2020-02-01 01:00:05,2020-13,2020-03,Monday,-1408.026388888889,True,32.234630682280496
SUSHI,42904172,100761,17.45304508,562.9983028,2020-03-30 16:00:42,2020-02-01 02:00:59,2020-13,2020-03,Monday,-1405.9952777777778,True,32.25788395201922
AVAX,42715610,100760,17.48081697,867.5754639,2020-03-30 16:00:40,2020-02-01 01:00:17,2020-13,2020-03,Monday,-1407.006388888889,True,49.63014402524232
UNI,47128145,100757,17.44662948,536.0008076,2020-03-30 15:37:38,2020-02-01 02:00:45,2020-13,2020-03,Monday,-1405.6147222222223,True,30.722312766167605
PEPE,47128145,100756,17.44660875,536.0015878,2020-03-30 15:37:27,2020-02-01 02:00:59,2020-13,2020-03,Monday,-1405.6077777777778,True,30.722393989605578
UNI,47163201,100754,24.10434916,795.356998,2020-03-30 15:00:42,2020-02-01 02:00:45,2020-13,2020-03,Monday,-1404.9991666666667,True,32.99641042869792
UNI,42583058,100752,50.73531081,1832.78499,2020-03-30 14:57:59,2020-02-01 02:00:45,2020-13,2020-03,Monday,-1404.953888888889,True,36.12444588865622
SHIB,46612924,100751,18.37418582,593.6486368,2020-03-30 14:25:27,2020-02-01 02:01:05,2020-13,2020-03,Monday,-1404.4061111111112,True,32.30884038158704
SHIB,47626266,100746,17.44660878,536.0000021,2020-03-30 14:00:56,2020-02-01 02:01:05,2020-13,2020-03,Monday,-1403.9975,True,30.72230304805402
WECAN,47556005,100738,17.44694339,543.1366451,2020-03-30 13:32:28,2020-02-01 01:00:09,2020-13,2020-03,Monday,-1404.538611111111,True,31.130762160396966
PEPE,44861737,100737,17.4466113,546.1380184,2020-03-30 13:28:22,2020-02-01 02:00:59,2020-13,2020-03,Monday,-1403.4563888888888,True,31.303386600926906
AVAX,47626266,100729,17.49463706,1001.531701,2020-03-30 12:01:30,2020-02-01 01:00:17,2020-13,2020-03,Monday,-1403.0202777777777,True,57.24792675407466
MATIC,46612924,100717,17.64481078,541.0226617,2020-03-30 11:07:19,2020-02-01 02:01:10,2020-13,2020-03,Monday,-1401.1025,True,30.661856817032977
PEPE,42589880,100714,17.44995207,13825.00904,2020-03-30 10:53:39,2020-02-01 02:00:59,2020-13,2020-03,Monday,-1400.8777777777777,True,792.26630448848
BTC,42815196,100713,17.4549712,1894.322443,2020-03-30 10:51:44,2020-02-01 02:00:44,2020-13,2020-03,Monday,-1400.85,True,108.52624282760203
UNI,43601502,100706,17.71474187,546.4453156,2020-03-30 10:23:42,2020-02-01 02:00:45,2020-13,2020-03,Monday,-1400.3825,True,30.846925098322075
MATIC,47626266,100705,17.44660921,536.0007991,2020-03-30 10:01:54,2020-02-01 01:00:05,2020-13,2020-03,Monday,-1401.0302777777779,True,30.72234797308216
XRP,47626266,100694,19.2913551,650.6507989,2020-03-30 09:00:52,2020-02-01 01:00:07,2020-13,2020-03,Monday,-1400.0125,True,33.727583963243724
UNI,42668375,100692,24.18667362,798.5640058,2020-03-30 08:52:22,2020-02-01 02:00:45,2020-13,2020-03,Monday,-1398.8602777777778,True,33.01669416581808
PEPE,47563791,100684,17.44677609,1201.135384,2020-03-30 08:24:16,2020-02-01 02:00:59,2020-13,2020-03,Monday,-1398.3880555555556,True,68.84569262561104
SHIB,43586510,100683,17.81013998,558.5933573,2020-03-30 08:19:40,2020-02-01 02:01:05,2020-13,2020-03,Monday,-1398.3097222222223,True,31.36378253777206
MATIC,46121124,100673,17.94769894,548.6981873,2020-03-30 07:28:59,2020-02-01 02:01:10,2020-13,2020-03,Monday,-1397.463611111111,True,30.572063256371962
SHIB,47634826,100672,113.2097397,6487.649901,2020-03-30 07:21:23,2020-02-01 02:01:05,2020-13,2020-03,Monday,-1397.3383333333334,True,57.306464251149585
PEPE,42845051,100666,17.44744097,3843.889076,2020-03-30 07:00:21,2020-02-01 02:00:59,2020-13,2020-03,Monday,-1396.9894444444444,True,220.3124849431716
PEPE,42569944,100665,17.44694164,1859.15563,2020-03-30 06:47:28,2020-02-01 02:00:59,2020-13,2020-03,Monday,-1396.7747222222222,True,106.56054616114369
UNI,43147092,100664,18.62723902,581.9922893,2020-03-30 06:29:27,2020-02-01 02:00:45,2020-13,2020-03,Monday,-1396.4783333333332,True,31.244152108378326
BTC,42592163,100660,17.45127958,1294.688667,2020-03-30 05:59:21,2020-02-01 02:00:44,2020-13,2020-03,Monday,-1395.9769444444444,True,74.18875281121362
MATIC,47284804,100659,64.5792482,1730.393921,2020-03-30 05:53:40,2020-02-01 02:01:10,2020-13,2020-03,Monday,-1395.875,True,26.79489107152536
UNI,45809839,100658,18.1556581,563.6215203,2020-03-30 05:51:00,2020-02-01 02:00:45,2020-13,2020-03,Monday,-1395.8375,True,31.04384964706953
PEPE,43821174,100657,17.44668532,840.3394235,2020-03-30 05:39:06,2020-02-01 02:00:59,2020-13,2020-03,Monday,-1395.6352777777777,True,48.16613632256422
UNI,43821174,100656,18.22773962,566.4295067,2020-03-30 05:38:45,2020-02-01 02:00:45,2020-13,2020-03,Monday,-1395.6333333333334,True,31.07513704433748
BTC,43821174,100655,17.44660882,536.0114847,2020-03-30 05:38:11,2020-02-01 02:00:44,2020-13,2020-03,Monday,-1395.6241666666667,True,30.72296113417415
PEPE,43812884,100653,17.44807417,6360.727706,2020-03-30 04:14:00,2020-02-01 02:00:59,2020-13,2020-03,Monday,-1394.2169444444444,True,364.55184933455604
UNI,47626266,100652,17.44661063,536.0000733,2020-03-30 04:01:27,2020-02-01 02:00:45,2020-13,2020-03,Monday,-1394.0116666666668,True,30.72230387135086
SHIB,47626266,100651,17.44660955,536.0000497,2020-03-30 04:00:53,2020-02-01 02:01:05,2020-13,2020-03,Monday,-1393.9966666666667,True,30.72230442045973
SHIB,47573526,100649,359.2271031,21777.55533,2020-03-30 03:26:20,2020-02-01 02:01:05,2020-13,2020-03,Monday,-1393.4208333333333,True,60.623363721911765
XRP,43632633,100648,26.54236197,1101.300141,2020-03-30 03:14:56,2020-02-01 01:00:07,2020-13,2020-03,Monday,-1394.2469444444444,True,41.49216796322667
BTC,43632633,100647,17.44882641,896.2165174,2020-03-30 03:13:41,2020-02-01 02:00:44,2020-13,2020-03,Monday,-1393.2158333333334,True,51.362567105738094
PEPE,43632633,100646,17.446744,1073.576036,2020-03-30 03:13:21,2020-02-01 02:00:59,2020-13,2020-03,Monday,-1393.206111111111,True,61.53446373718787
UNI,47300322,100645,23.3735871,766.8896437,2020-03-30 03:11:25,2020-02-01 02:00:45,2020-13,2020-03,Monday,-1393.1777777777777,True,32.81009630310445
XRP,47626266,100643,17.47038491,537.4776857,2020-03-30 03:02:16,2020-02-01 01:00:07,2020-13,2020-03,Monday,-1394.0358333333334,True,30.765074064988077
PEPE,47626266,100642,17.44660886,536.4523869,2020-03-30 03:01:55,2020-02-01 02:00:59,2020-13,2020-03,Monday,-1393.0155555555555,True,30.748232576585654
MATIC,47626266,100636,17.4501929,542.4378636,2020-03-29 23:01:37,2020-02-01 01:00:05,2020-13,2020-03,Sunday,-1390.0255555555555,True,31.08492076325414
AVAX,47626266,100635,17.47859472,851.4926546,2020-03-29 23:01:21,2020-02-01 01:00:17,2020-13,2020-03,Sunday,-1390.0177777777778,True,48.71631090717344
UNI,47626266,100634,18.08330811,561.1386449,2020-03-29 23:00:56,2020-02-01 02:00:45,2020-13,2020-03,Sunday,-1389.0030555555556,True,31.03075175662646
MATIC,47626266,99903,18.16959231,1783.625259,2020-03-25 15:01:38,2020-02-02 18:00:00,2020-12,2020-03,Wednesday,-1245.0272222222222,True,98.16539791145155
MATIC,43070618,99872,30.80683967,23591.24281,2020-03-25 12:23:50,2020-02-02 18:00:00,2020-12,2020-03,Wednesday,-1242.3972222222221,True,765.7793873927737
MATIC,43460823,99793,17.44661978,536.0190341,2020-03-25 00:10:27,2020-02-02 18:00:00,2020-12,2020-03,Wednesday,-1230.1741666666667,True,30.723374548144136
MATIC,46861079,99779,17.45126917,543.9598346,2020-03-24 23:19:42,2020-02-02 18:00:00,2020-12,2020-03,Tuesday,-1229.3283333333334,True,31.170216292068115
MATIC,46861079,99778,17.45126917,543.9598346,2020-03-24 23:18:07,2020-02-02 18:00:00,2020-12,2020-03,Tuesday,-1229.3019444444444,True,31.170216292068115
PEPE,47626266,95944,17.44691408,1657.00425,2020-04-30 23:00:19,2020-03-02 02:00:31,2020-17,2020-04,Thursday,-1436.9966666666667,True,94.97405916038076
AVAX,47626266,95943,17.47786751,801.1871718,2020-04-30 22:01:01,2020-03-01 02:00:33,2020-17,2020-04,Thursday,-1460.0077777777778,True,45.84009870435275
UNI,43339286,95939,117.3127149,4056.703168,2020-04-30 21:47:06,2020-03-01 02:01:00,2020-17,2020-04,Thursday,-1459.7683333333334,True,34.58025135176545
SHIB,43904584,95930,22.43991406,846.3312101,2020-04-30 19:11:02,2020-03-01 01:00:17,2020-17,2020-04,Thursday,-1458.1791666666666,True,37.71543900912783
SHIB,43904584,95929,22.43991406,846.3312101,2020-04-30 19:10:57,2020-03-01 01:00:17,2020-17,2020-04,Thursday,-1458.1777777777777,True,37.71543900912783
SUSHI,43227896,95924,17.48013488,672.3346172,2020-04-30 18:55:20,2020-03-01 02:00:55,2020-17,2020-04,Thursday,-1456.9069444444444,True,38.46278199885377
PEPE,47855925,95923,17.44695899,1821.876742,2020-04-30 18:21:14,2020-03-01 02:00:47,2020-17,2020-04,Thursday,-1456.3408333333334,True,104.42374187067428
SHIB,47626266,95921,17.44670296,536.0058549,2020-04-30 18:00:36,2020-03-01 01:00:17,2020-17,2020-04,Thursday,-1457.0052777777778,True,30.722472671707596
XRP,46769435,95920,19.11104385,639.4447038,2020-04-30 17:40:48,2020-03-01 01:00:11,2020-17,2020-04,Thursday,-1456.6769444444444,True,33.45943365621025
AVAX,47626266,95907,17.44684186,537.9776216,2020-04-30 15:01:02,2020-03-01 02:00:33,2020-17,2020-04,Thursday,-1453.0080555555555,True,30.83524376027101
PEPE,47626266,95905,17.44661424,556.1557266,2020-04-30 15:00:20,2020-03-01 02:00:47,2020-17,2020-04,Thursday,-1452.9925,True,31.877573433411342
UNI,46231121,95896,22.79873141,724.6849896,2020-04-30 12:31:26,2020-03-01 02:01:00,2020-17,2020-04,Thursday,-1450.5072222222223,True,31.786197949686713
UNI,46231121,95895,34.09095978,1122.783861,2020-04-30 12:28:40,2020-03-01 02:01:00,2020-17,2020-04,Thursday,-1450.4611111111112,True,32.93494428569004
WECAN,46320786,95894,17.44799177,563.8670695,2020-04-30 12:24:17,2020-03-01 01:00:19,2020-17,2020-04,Thursday,-1451.3994444444445,True,32.3170183097811
PEPE,47775426,95890,17.44662888,609.8897056,2020-04-30 11:28:58,2020-03-01 02:00:46,2020-17,2020-04,Thursday,-1449.47,True,34.95745280047477
MATIC,47626266,95887,17.44660908,536.0000087,2020-04-30 11:02:16,2020-03-01 01:00:10,2020-17,2020-04,Thursday,-1450.035,True,30.722302898071234
AVAX,47626266,95886,17.45617211,617.1318494,2020-04-30 11:02:08,2020-03-01 02:00:33,2020-17,2020-04,Thursday,-1449.026388888889,True,35.35321750445321
PEPE,47626266,95884,17.44661228,548.9754545,2020-04-30 11:01:06,2020-03-01 02:00:46,2020-17,2020-04,Thursday,-1449.0055555555555,True,31.466020204353388
DOT,47714182,95882,17.8212398,550.2043037,2020-04-30 10:27:43,2020-03-01 02:00:55,2020-17,2020-04,Thursday,-1448.4466666666667,True,30.873514406107702
PEPE,42589880,95878,17.44994647,12790.23605,2020-04-30 10:02:50,2020-03-01 02:00:46,2020-17,2020-04,Thursday,-1448.0344444444445,True,732.9670650846415
UNI,43339286,95877,114.4565443,3956.011057,2020-04-30 09:39:54,2020-03-01 02:01:00,2020-17,2020-04,Thursday,-1447.6483333333333,True,34.56343262147571
PEPE,43317678,95869,17.44661324,552.4681833,2020-04-30 08:55:42,2020-03-01 02:00:46,2020-17,2020-04,Thursday,-1446.9155555555556,True,31.66621370578396
SUSHI,43317678,95868,17.44798167,541.5830121,2020-04-30 08:55:04,2020-03-01 02:00:55,2020-17,2020-04,Thursday,-1446.9025,True,31.039865948002227
UNI,47626266,95867,18.14503535,560.6224953,2020-04-30 08:00:43,2020-03-01 02:01:00,2020-17,2020-04,Thursday,-1445.9952777777778,True,30.896743075234625
EUROC,43237758,95863,18.42299102,602.3467013,2020-04-30 07:25:38,2020-03-01 02:00:08,2020-17,2020-04,Thursday,-1445.425,True,32.695380497449754
BTC,42900681,95854,17.46976744,4162.732297,2020-04-30 06:05:50,2020-03-01 02:00:47,2020-17,2020-04,Thursday,-1444.0841666666668,True,238.282067079423
WECAN,47626266,95852,17.44660923,536.009585,2020-04-30 06:00:44,2020-03-01 01:00:19,2020-17,2020-04,Thursday,-1445.0069444444443,True,30.722851525688696
UNI,47300322,95848,23.36715955,744.7244889,2020-04-30 04:26:04,2020-03-01 02:00:59,2020-17,2020-04,Thursday,-1442.4180555555556,True,31.870561216756872
WECAN,47626266,95847,17.44660876,536.0001737,2020-04-30 04:01:15,2020-03-01 01:00:18,2020-17,2020-04,Thursday,-1443.0158333333334,True,30.722312918995037
UNI,47626266,95846,17.4466105,536.0000617,2020-04-30 04:01:02,2020-03-01 02:00:59,2020-17,2020-04,Thursday,-1442.0008333333333,True,30.72230343538649
SHIB,47626266,95845,17.44660945,536.0000434,2020-04-30 04:00:38,2020-03-01 01:00:16,2020-17,2020-04,Thursday,-1443.006111111111,True,30.72230423545132
XRP,47626266,95844,17.44660935,536.0000372,2020-04-30 03:02:04,2020-03-01 01:00:11,2020-17,2020-04,Thursday,-1442.0313888888888,True,30.72230405617467
WECAN,46459298,95839,17.44660936,536.0122787,2020-04-30 00:21:13,2020-03-01 01:00:18,2020-17,2020-04,Thursday,-1439.348611111111,True,30.72300569352577
UNI,42720161,90186,17.61409379,542.7069502,2020-05-31 22:49:00,2020-04-01 02:00:05,2020-22,2020-05,Sunday,-1460.8152777777777,True,30.810949269959583
BTC,43374410,90185,17.44665184,544.7998888,2020-05-31 22:15:09,2020-04-01 01:00:16,2020-22,2020-05,Sunday,-1461.2480555555555,True,31.2266155017168
PEPE,44151575,90179,17.44662539,604.1777273,2020-05-31 21:55:22,2020-04-01 01:00:08,2020-22,2020-05,Sunday,-1460.9205555555557,True,34.630062478804675
BTC,46793268,90177,17.44697398,610.5807773,2020-05-31 21:39:46,2020-04-01 01:00:16,2020-22,2020-05,Sunday,-1460.6583333333333,True,34.99637117587998
UNI,47613827,90174,17.89086709,553.7903562,2020-05-31 21:24:58,2020-04-01 02:00:05,2020-22,2020-05,Sunday,-1459.4147222222223,True,30.95380192665665
AVAX,47626266,90170,17.44777673,549.0503232,2020-05-31 21:00:56,2020-04-01 01:00:10,2020-22,2020-05,Sunday,-1460.0127777777777,True,31.468211205153352
PEPE,47626266,90169,17.44661246,551.1912249,2020-05-31 21:00:19,2020-04-01 01:00:08,2020-22,2020-05,Sunday,-1460.0030555555556,True,31.593022780996645
SHIB,46202039,90168,17.53755558,541.6509593,2020-05-31 20:51:39,2020-04-01 01:00:12,2020-22,2020-05,Sunday,-1459.8575,True,30.885202719910637
SUSHI,46202039,90167,17.46158026,602.6815789,2020-05-31 20:49:43,2020-04-01 01:00:03,2020-22,2020-05,Sunday,-1459.8277777777778,True,34.51472145854913
UNI,43850740,90163,19.82009321,631.0463509,2020-05-31 20:34:14,2020-04-01 02:00:05,2020-22,2020-05,Sunday,-1458.5691666666667,True,31.8387176192296
PEPE,43544120,90162,17.44667231,796.3640593,2020-05-31 20:20:55,2020-04-01 01:00:08,2020-22,2020-05,Sunday,-1459.346388888889,True,45.645613395486535
UNI,46265739,90157,17.59640791,541.9987178,2020-05-31 19:55:29,2020-04-01 02:00:05,2020-22,2020-05,Sunday,-1457.9233333333334,True,30.801668191153
PEPE,44339090,90142,17.44708062,2468.865296,2020-05-31 18:06:13,2020-04-01 01:00:08,2020-22,2020-05,Sunday,-1457.1013888888888,True,141.50592582061444
UNI,46813490,90136,17.44662686,536.000725,2020-05-31 17:42:51,2020-04-01 02:00:05,2020-22,2020-05,Sunday,-1455.7127777777778,True,30.722312645368287
XRP,47837129,90131,17.63130699,547.4800547,2020-05-31 17:16:25,2020-04-01 01:00:17,2020-22,2020-05,Sunday,-1456.2688888888888,True,31.05158653357439
PEPE,46382663,90118,17.44665902,741.8967366,2020-05-31 15:10:20,2020-04-01 01:00:08,2020-22,2020-05,Sunday,-1454.17,True,42.52371389556739
AVAX,47626266,90117,17.45742763,656.8837966,2020-05-31 15:00:59,2020-04-01 01:00:10,2020-22,2020-05,Sunday,-1454.013611111111,True,37.627754244340515
UNI,44030490,90115,103.883435,3997.368746,2020-05-31 14:37:37,2020-04-01 02:00:05,2020-22,2020-05,Sunday,-1452.6255555555556,True,38.479366282025616
PEPE,42851297,90109,17.44663228,632.3835349,2020-05-31 14:16:14,2020-04-01 01:00:08,2020-22,2020-05,Sunday,-1453.2683333333334,True,36.24673947102873
MATIC,47626266,90105,17.44661175,536.0000951,2020-05-31 14:01:08,2020-04-01 01:00:21,2020-22,2020-05,Sunday,-1453.0130555555556,True,30.722303148632857
MATIC,46513013,90104,17.56087704,539.6286009,2020-05-31 13:52:05,2020-04-01 01:00:20,2020-22,2020-05,Sunday,-1452.8625,True,30.72902336659149
USDT,46513013,90103,19.94990186,552.1905912,2020-05-31 13:51:37,2020-04-01 01:00:13,2020-22,2020-05,Sunday,-1452.8566666666666,True,27.678862536519762
UNI,46513013,90102,17.91315395,554.682835,2020-05-31 13:51:16,2020-04-01 02:00:05,2020-22,2020-05,Sunday,-1451.8530555555556,True,30.965112930322352
UNI,47300322,90099,17.44692964,536.0128501,2020-05-31 13:34:31,2020-04-01 02:00:05,2020-22,2020-05,Sunday,-1451.5738888888889,True,30.722474450237996
UNI,43603058,90098,22.4784505,737.5004546,2020-05-31 13:31:25,2020-04-01 02:00:05,2020-22,2020-05,Sunday,-1451.5222222222221,True,32.80922119609623
UNI,46478114,90095,38.2766915,1370.142119,2020-05-31 13:15:09,2020-04-01 02:00:05,2020-22,2020-05,Sunday,-1451.2511111111112,True,35.7957301246896
SHIB,45537904,90084,18.112697,577.3872317,2020-05-31 11:40:51,2020-04-01 01:00:12,2020-22,2020-05,Sunday,-1450.6775,True,31.87748526351432
WECAN,43368674,90081,17.44727991,553.7542717,2020-05-31 11:36:53,2020-04-01 01:00:04,2020-22,2020-05,Sunday,-1450.6136111111111,True,31.738716553897486
BTC,44567174,90080,17.44667968,550.484068,2020-05-31 11:36:30,2020-04-01 01:00:16,2020-22,2020-05,Sunday,-1450.6038888888888,True,31.552368593724307
PEPE,47619548,90077,17.44710808,2581.33182,2020-05-31 11:21:12,2020-04-01 01:00:08,2020-22,2020-05,Sunday,-1450.351111111111,True,147.9518444067551
BTC,42586343,90069,17.44752165,722.4148793,2020-05-31 10:19:27,2020-04-01 01:00:16,2020-22,2020-05,Sunday,-1449.3197222222223,True,41.40501406398886
UNI,46416523,90065,17.78191689,549.4274379,2020-05-31 09:49:10,2020-04-01 02:00:05,2020-22,2020-05,Sunday,-1447.8180555555555,True,30.89809952992081
DOT,46416523,90064,17.54050067,540.3769928,2020-05-31 09:46:35,2020-04-01 01:00:22,2020-22,2020-05,Sunday,-1448.7702777777777,True,30.807387027681692
UNI,46287375,90061,22.44549793,736.1808666,2020-05-31 09:30:16,2020-04-01 02:00:05,2020-22,2020-05,Sunday,-1447.5030555555556,True,32.79859813740385
UNI,47591303,90060,17.90303523,554.2776304,2020-05-31 09:14:38,2020-04-01 02:00:05,2020-22,2020-05,Sunday,-1447.2425,True,30.959980990888102
PEPE,46938348,90059,17.44694667,1920.174491,2020-05-31 09:01:46,2020-04-01 01:00:08,2020-22,2020-05,Sunday,-1448.0272222222222,True,110.05791026470766
MATIC,47626266,90058,17.48821256,603.7093328,2020-05-31 09:01:14,2020-04-01 01:00:19,2020-22,2020-05,Sunday,-1448.0152777777778,True,34.52092835266865
AVAX,47626266,90056,17.47046776,802.586469,2020-05-31 09:01:00,2020-04-01 01:00:10,2020-22,2020-05,Sunday,-1448.013888888889,True,45.93960963298215
PEPE,47626266,90054,17.44676043,1157.322174,2020-05-31 09:00:18,2020-04-01 01:00:07,2020-22,2020-05,Sunday,-1448.0030555555556,True,66.33450253664083
UNI,44029309,90053,18.11238279,562.660968,2020-05-31 08:57:13,2020-04-01 02:00:04,2020-22,2020-05,Sunday,-1446.9525,True,31.064988771695454
UNI,46177160,90044,20.77547896,669.30484,2020-05-31 07:50:49,2020-04-01 02:00:04,2020-22,2020-05,Sunday,-1445.8458333333333,True,32.2160967402313
USDT,43346885,90038,18.89026188,545.3371398,2020-05-31 07:15:50,2020-04-01 01:00:13,2020-22,2020-05,Sunday,-1446.2602777777777,True,28.86869135347318
SHIB,42799215,90037,36.42116892,1714.979685,2020-05-31 07:13:27,2020-04-01 01:00:12,2020-22,2020-05,Sunday,-1446.2208333333333,True,47.087442162194066
AVAX,46908842,90035,17.45326649,610.3896396,2020-05-31 06:59:07,2020-04-01 01:00:10,2020-22,2020-05,Sunday,-1445.9825,True,34.97280236623488
UNI,47065033,90032,25.76878427,869.2621,2020-05-31 06:20:21,2020-04-01 02:00:04,2020-22,2020-05,Sunday,-1444.3380555555555,True,33.73314359311837
AVAX,43346885,90029,17.45100631,585.1357476,2020-05-31 06:11:15,2020-04-01 01:00:10,2020-22,2020-05,Sunday,-1445.1847222222223,True,33.53020090679229
UNI,47622177,90028,18.02960021,559.3459338,2020-05-31 06:02:34,2020-04-01 02:00:04,2020-22,2020-05,Sunday,-1444.0416666666667,True,31.02375689338704
UNI,43289863,90021,21.95069869,716.3665962,2020-05-31 05:31:36,2020-04-01 02:00:04,2020-22,2020-05,Sunday,-1443.5255555555555,True,32.63525258657724
UNI,47837129,90017,18.00621421,558.4094395,2020-05-31 04:32:31,2020-04-01 02:00:04,2020-22,2020-05,Sunday,-1442.5408333333332,True,31.01204023163734
WECAN,47626266,90016,17.44660876,536.0002034,2020-05-31 04:00:48,2020-04-01 01:00:04,2020-22,2020-05,Sunday,-1443.0122222222221,True,30.722314621331602
SHIB,47626266,90015,17.44660942,536.0000414,2020-05-31 04:00:34,2020-04-01 01:00:12,2020-22,2020-05,Sunday,-1443.006111111111,True,30.722304173643842
UNI,46734951,90014,18.11238279,562.660968,2020-05-31 03:14:16,2020-04-01 02:00:04,2020-22,2020-05,Sunday,-1441.2366666666667,True,31.064988771695454
UNI,47626266,90013,17.44661039,536.0000657,2020-05-31 03:01:58,2020-04-01 02:00:04,2020-22,2020-05,Sunday,-1441.0316666666668,True,30.722303858359965
XRP,47626266,90012,17.44660932,536.0000352,2020-05-31 03:01:36,2020-04-01 01:00:17,2020-22,2020-05,Sunday,-1442.0219444444444,True,30.722303994367195
PEPE,47626266,90011,17.44660884,536.3797499,2020-05-31 03:01:20,2020-04-01 01:00:07,2020-22,2020-05,Sunday,-1442.0202777777777,True,30.744069223942088
USDT,46612031,84607,21.09118594,556.464851,2020-07-30 23:02:27,2020-05-02 01:00:16,2020-30,2020-07,Thursday,-2158.036388888889,True,26.38376298910008
PEPE,42733454,84604,17.44661395,555.9561783,2020-07-30 22:26:18,2020-05-01 02:00:12,2020-30,2020-07,Thursday,-2180.4350000000004,True,31.866136311223876
MATIC,43029076,84599,17.45659536,536.3419529,2020-07-30 21:18:02,2020-05-01 01:00:03,2020-30,2020-07,Thursday,-2180.2997222222225,True,30.724316044408788
PEPE,42609311,84592,17.44668221,817.7172347,2020-07-30 20:23:48,2020-05-01 02:00:12,2020-30,2020-07,Thursday,-2178.3933333333334,True,46.86949787113707
AVAX,47626266,84591,17.47145996,756.0761827,2020-07-30 20:00:51,2020-05-01 01:00:07,2020-30,2020-07,Thursday,-2179.0122222222226,True,43.27492862250763
PEPE,44447787,84586,17.44660935,538.2920541,2020-07-30 19:50:27,2020-05-01 02:00:12,2020-30,2020-07,Thursday,-2177.8375,True,30.85367725620566
PEPE,47612351,84584,17.44663773,647.1632837,2020-07-30 19:45:04,2020-05-01 02:00:12,2020-30,2020-07,Thursday,-2177.747777777778,True,37.09386838400295
PEPE,47626266,84578,17.44661068,543.4126304,2020-07-30 18:00:18,2020-05-01 02:00:11,2020-30,2020-07,Thursday,-2176.0019444444447,True,31.14717467862933
PEPE,43476420,84564,17.45136501,18777.35034,2020-07-30 14:47:26,2020-05-01 02:00:11,2020-30,2020-07,Thursday,-2172.7875000000004,True,1075.9817543922886
MATIC,42968392,84561,17.45744559,555.2145891,2020-07-30 14:17:16,2020-05-01 01:00:10,2020-30,2020-07,Thursday,-2173.2850000000003,True,31.80388483742655
PEPE,42968392,84560,17.44681534,1328.301045,2020-07-30 14:17:09,2020-05-01 02:00:11,2020-30,2020-07,Thursday,-2172.282777777778,True,76.1342983870889
PEPE,43960622,84559,17.44744097,3727.742478,2020-07-30 14:03:07,2020-05-01 02:00:11,2020-30,2020-07,Thursday,-2172.048888888889,True,213.65554320600177
XRP,42948230,84545,22.49609147,849.819254,2020-07-30 11:55:39,2020-05-01 02:00:35,2020-30,2020-07,Thursday,-2169.917777777778,True,37.77630683682493
UNI,46265739,84542,17.64634096,541.8705474,2020-07-30 10:52:19,2020-05-01 01:00:02,2020-30,2020-07,Thursday,-2169.871388888889,True,30.707246824046404
AVAX,47789307,84539,17.47283757,768.2759792,2020-07-30 10:08:11,2020-05-01 01:00:07,2020-30,2020-07,Thursday,-2169.134444444445,True,43.96973165475378
USDT,43355697,84532,62.03557043,786.3737493,2020-07-30 08:55:58,2020-05-01 02:00:31,2020-30,2020-07,Thursday,-2166.924166666667,True,12.676175037147958
SUSHI,43355697,84531,17.49356571,754.5051998,2020-07-30 08:55:48,2020-05-01 01:00:06,2020-30,2020-07,Thursday,-2167.9283333333337,True,43.13044077507284
USDC,43355697,84530,17.4466466,536.0324488,2020-07-30 08:55:25,2020-05-01 01:00:15,2020-30,2020-07,Thursday,-2167.9194444444447,True,30.72409621686267
PEPE,43355697,84529,17.44828578,6967.79785,2020-07-30 08:55:08,2020-05-01 02:00:11,2020-30,2020-07,Thursday,-2166.9158333333335,True,399.33996599177664
UNI,47300322,84520,23.35528693,709.6684078,2020-07-30 06:20:28,2020-05-01 01:00:02,2020-30,2020-07,Thursday,-2165.340555555556,True,30.385771321371646
SHIB,47626266,84513,17.44660932,536.0000351,2020-07-30 04:00:31,2020-05-01 01:00:09,2020-30,2020-07,Thursday,-2163.0061111111113,True,30.722303988635424
WECAN,47626266,84511,17.44660876,536.0001803,2020-07-30 03:02:02,2020-05-01 04:00:20,2020-30,2020-07,Thursday,-2159.0283333333336,True,30.722313297292054
PEPE,47626266,84510,17.44660884,536.3298985,2020-07-30 03:01:19,2020-05-01 02:00:11,2020-30,2020-07,Thursday,-2161.0188888888893,True,30.741211854899362
PEPE,42579763,84248,17.45326649,25916.07772,2020-07-27 19:18:43,2020-05-01 12:00:31,2020-30,2020-07,Monday,-2095.3033333333337,True,1484.8840894539048
PEPE,47776725,84224,17.44661041,542.3339791,2020-07-27 16:36:06,2020-05-01 12:00:31,2020-30,2020-07,Monday,-2092.593055555556,True,31.085349323164024
PEPE,47737963,84223,17.4469497,1835.741571,2020-07-27 16:07:41,2020-05-01 12:00:31,2020-30,2020-07,Monday,-2092.1194444444445,True,105.2184824605759
PEPE,47076303,84210,17.44695751,1865.522681,2020-07-27 14:43:28,2020-05-01 12:00:31,2020-30,2020-07,Monday,-2090.7158333333336,True,106.92538684356548
PEPE,47252881,84170,17.44663205,624.830272,2020-07-27 11:22:34,2020-05-01 12:00:31,2020-30,2020-07,Monday,-2087.3675000000003,True,35.813804647757216
PEPE,47626266,84161,17.44660974,539.7766825,2020-07-27 10:00:15,2020-05-01 12:00:31,2020-30,2020-07,Monday,-2085.9955555555557,True,30.938772090628536
PEPE,42692335,84131,17.47157528,95711.29144,2020-07-27 05:56:54,2020-05-01 12:00:31,2020-30,2020-07,Monday,-2081.9397222222224,True,5478.114589333127
PEPE,47762562,84128,17.44662241,588.0880411,2020-07-27 04:51:21,2020-05-01 12:00:31,2020-30,2020-07,Monday,-2080.8472222222226,True,33.70784483550934
PEPE,47626266,84125,17.44660884,536.324865,2020-07-27 03:01:17,2020-05-01 12:00:31,2020-30,2020-07,Monday,-2079.012777777778,True,30.74092334610971
XRP,43754323,74250,19.11104385,639.4557137,2020-08-30 23:54:19,2020-06-02 01:01:10,2020-35,2020-08,Sunday,-2158.8858333333337,True,33.46000975765644
PEPE,42684764,74249,17.44664196,662.5790801,2020-08-30 23:26:14,2020-06-02 01:00:31,2020-35,2020-08,Sunday,-2158.4286111111114,True,37.977456155694505
PEPE,47626266,74247,17.44664204,662.8613466,2020-08-30 23:00:11,2020-06-02 01:00:31,2020-35,2020-08,Sunday,-2157.9944444444445,True,37.99363482555867
XRP,47626266,74238,17.44660878,536.0000021,2020-08-30 22:00:17,2020-06-01 01:01:19,2020-35,2020-08,Sunday,-2180.982777777778,True,30.72230304805402
BTC,45783239,74233,17.44730399,666.7163214,2020-08-30 21:13:43,2020-06-03 10:00:28,2020-35,2020-08,Sunday,-2123.2208333333338,True,38.213142946447846
PEPE,43614517,74232,17.44677519,1170.306733,2020-08-30 21:13:04,2020-06-01 01:00:29,2020-35,2020-08,Sunday,-2180.2097222222224,True,67.07868475721443
USDC,43027505,74224,17.54647486,618.8838071,2020-08-30 20:52:57,2020-06-01 01:00:09,2020-35,2020-08,Sunday,-2179.88,True,35.27111924406223
SUSHI,43483212,74223,17.45667579,586.1109753,2020-08-30 20:52:56,2020-06-01 01:00:40,2020-35,2020-08,Sunday,-2179.8711111111115,True,33.57517676050052
PEPE,42770480,74220,17.44662539,599.4306733,2020-08-30 20:34:13,2020-06-01 01:00:29,2020-35,2020-08,Sunday,-2179.5622222222223,True,34.35797238150019
SHIB,43572413,74212,50.73531081,2604.023093,2020-08-30 19:58:46,2020-06-01 02:00:04,2020-35,2020-08,Sunday,-2177.9783333333335,True,51.325655671094125
UNI,46089284,74206,20.77547896,639.7359084,2020-08-30 18:48:41,2020-06-01 02:00:11,2020-35,2020-08,Sunday,-2176.8083333333334,True,30.79283561316268
UNI,46089284,74205,20.72685091,638.2205369,2020-08-30 18:45:26,2020-06-01 02:00:11,2020-35,2020-08,Sunday,-2176.754166666667,True,30.791968334759446
DOT,43606233,74204,18.33427499,603.1683997,2020-08-30 18:23:59,2020-06-01 02:00:28,2020-35,2020-08,Sunday,-2176.3919444444446,True,32.89840476533618
SHIB,43406065,74202,20.77626444,742.8511063,2020-08-30 18:18:07,2020-06-01 02:00:04,2020-35,2020-08,Sunday,-2176.3008333333337,True,35.7547964623423
SHIB,46471382,74199,17.61305226,546.3401155,2020-08-30 18:11:18,2020-06-01 02:00:04,2020-35,2020-08,Sunday,-2176.1872222222223,True,31.019048114718988
AVAX,47008469,74195,17.45885614,633.5750308,2020-08-30 17:57:29,2020-06-01 01:00:18,2020-35,2020-08,Sunday,-2176.9530555555557,True,36.28960716094198
USDC,43614517,74193,17.61305226,674.1396784,2020-08-30 17:19:03,2020-06-01 01:00:09,2020-35,2020-08,Sunday,-2176.315,True,38.27500585636711
PEPE,46260339,74184,17.44661533,561.0667872,2020-08-30 16:56:58,2020-06-01 01:00:29,2020-35,2020-08,Sunday,-2175.941388888889,True,32.159062178394464
BTC,44438938,74183,17.44661208,536.6258834,2020-08-30 16:43:24,2020-06-03 10:00:28,2020-35,2020-08,Sunday,-2118.715555555556,True,30.758171325145895
XRP,47666753,74170,17.7701976,556.1131998,2020-08-30 15:04:48,2020-06-01 01:01:19,2020-35,2020-08,Sunday,-2174.0580555555557,True,31.294711084135606
PEPE,43327335,74165,17.44677519,1170.306733,2020-08-30 14:37:34,2020-06-01 01:00:29,2020-35,2020-08,Sunday,-2173.6180555555557,True,67.07868475721443
BTC,42716522,74158,17.45326649,1787.766836,2020-08-30 14:06:13,2020-06-03 10:00:28,2020-35,2020-08,Sunday,-2116.0958333333338,True,102.43164722341898
SHIB,45936063,74157,37.41982999,1776.813856,2020-08-30 14:00:36,2020-06-01 02:00:04,2020-35,2020-08,Sunday,-2172.008888888889,True,47.48321562323592
AVAX,47626266,74148,17.44761355,544.0052454,2020-08-30 13:00:35,2020-06-01 01:00:18,2020-35,2020-08,Sunday,-2172.0047222222224,True,31.179349762707236
PEPE,46817059,74144,17.4467364,1022.4799,2020-08-30 12:51:14,2020-06-01 01:00:29,2020-35,2020-08,Sunday,-2171.8458333333338,True,58.60579747166926
AVAX,42615476,74140,17.44993762,562.5211349,2020-08-30 12:22:34,2020-06-01 01:00:18,2020-35,2020-08,Sunday,-2171.3711111111115,True,32.23628342689743
XRP,43346525,74122,18.11238279,577.3822855,2020-08-30 11:55:26,2020-06-01 01:01:19,2020-35,2020-08,Sunday,-2170.901944444445,True,31.877765183870647
SHIB,43453992,74117,18.0241674,571.88018,2020-08-30 11:33:54,2020-06-01 02:00:04,2020-35,2020-08,Sunday,-2169.5638888888893,True,31.728521340741654
XRP,47626266,74103,21.74591819,803.2306813,2020-08-30 10:00:21,2020-06-01 01:01:19,2020-35,2020-08,Sunday,-2168.983888888889,True,36.93707822690931
UNI,46857781,74097,18.34069819,563.8620596,2020-08-30 09:49:19,2020-06-01 02:00:11,2020-35,2020-08,Sunday,-2167.818888888889,True,30.743761974527096
PEPE,46857781,74096,17.44661696,567.2821052,2020-08-30 09:45:56,2020-06-01 01:00:28,2020-35,2020-08,Sunday,-2168.757777777778,True,32.5153069217151
PEPE,43866250,74091,17.44660875,536.0003806,2020-08-30 09:37:39,2020-06-01 01:00:28,2020-35,2020-08,Sunday,-2168.6197222222227,True,30.722324795642592
UNI,43408494,74093,20.61280106,634.6664588,2020-08-30 09:37:39,2020-06-01 02:00:11,2020-35,2020-08,Sunday,-2167.6244444444446,True,30.78991821405567
UNI,43866250,74092,17.44662672,536.0005599,2020-08-30 09:37:39,2020-06-01 02:00:11,2020-35,2020-08,Sunday,-2167.6244444444446,True,30.722303428751296
SUSHI,43408494,74094,17.45679926,586.7255665,2020-08-30 09:37:39,2020-06-01 01:00:40,2020-35,2020-08,Sunday,-2168.616388888889,True,33.61014569517368
UNI,44288641,74087,17.44712993,536.0162412,2020-08-30 09:37:38,2020-06-01 02:00:11,2020-35,2020-08,Sunday,-2167.624166666667,True,30.722316125950922
PEPE,46485382,74089,17.44733844,3316.817591,2020-08-30 09:37:38,2020-06-01 01:00:28,2020-35,2020-08,Sunday,-2168.6194444444445,True,190.10450232316353
BTC,46485382,74088,17.45717349,2522.34819,2020-08-30 09:37:38,2020-06-03 10:00:28,2020-35,2020-08,Sunday,-2111.6194444444445,True,144.48777698433702
WECAN,42775258,74086,17.44791475,571.4080376,2020-08-30 09:37:38,2020-06-01 01:01:01,2020-35,2020-08,Sunday,-2168.610277777778,True,32.74935978237743
WECAN,43453999,74090,17.44728789,554.4127003,2020-08-30 09:37:38,2020-06-01 01:01:01,2020-35,2020-08,Sunday,-2168.610277777778,True,31.7764402006437
UNI,44630199,74085,18.03810928,554.4326335,2020-08-30 09:37:37,2020-06-01 02:00:11,2020-35,2020-08,Sunday,-2167.6238888888893,True,30.736737697599754
MATIC,47284400,74083,43.80465694,1633.851533,2020-08-30 09:28:20,2020-06-01 02:00:34,2020-35,2020-08,Sunday,-2167.4627777777782,True,37.29858072482829
BTC,43624611,74080,18.31704147,164191.9474,2020-08-30 09:21:25,2020-06-03 10:00:27,2020-35,2020-08,Sunday,-2111.3494444444445,True,8963.890138531198
EUROC,47781938,74076,17.77988059,558.1829616,2020-08-30 09:00:25,2020-06-01 01:01:10,2020-35,2020-08,Sunday,-2167.9875,True,31.39407819836207
UNI,43820881,74061,123.8258153,3851.041722,2020-08-30 07:32:49,2020-06-01 02:00:11,2020-35,2020-08,Sunday,-2165.5438888888893,True,31.10047539497202
UNI,47626266,74058,18.58940323,571.6123299,2020-08-30 07:00:24,2020-06-01 02:00:11,2020-35,2020-08,Sunday,-2165.0036111111112,True,30.749364184941616
UNI,47804699,74055,186.4525595,5802.647464,2020-08-30 06:39:32,2020-06-01 02:00:10,2020-35,2020-08,Sunday,-2164.6561111111114,True,31.121307637506575
USDT,46788440,74052,18.52782579,543.2159504,2020-08-30 06:04:34,2020-06-01 01:00:49,2020-35,2020-08,Sunday,-2165.0625000000005,True,29.31892584467138
UNI,46788440,74051,17.47457126,536.8713816,2020-08-30 06:04:12,2020-06-01 02:00:10,2020-35,2020-08,Sunday,-2164.0672222222224,True,30.723007369509556
SUSHI,46484589,74044,17.45659753,585.7214101,2020-08-30 04:33:08,2020-06-01 01:00:40,2020-35,2020-08,Sunday,-2163.541111111111,True,33.55301106606884
UNI,47804699,74042,183.8901191,5722.795419,2020-08-30 04:24:50,2020-06-01 02:00:10,2020-35,2020-08,Sunday,-2162.4111111111115,True,31.120733658821152
SHIB,47626266,74041,17.44660918,536.0000269,2020-08-30 04:00:21,2020-06-01 02:00:04,2020-35,2020-08,Sunday,-2162.0047222222224,True,30.72230376516063
UNI,47804699,74039,143.9436766,4477.964519,2020-08-30 03:52:39,2020-06-01 02:00:10,2020-35,2020-08,Sunday,-2161.8747222222223,True,31.10914369266569
UNI,47300322,74037,17.44692865,536.0099688,2020-08-30 03:31:30,2020-06-01 02:00:10,2020-35,2020-08,Sunday,-2161.5222222222224,True,30.722311046993365
UNI,47626266,74036,17.44660992,536.0000363,2020-08-30 03:00:58,2020-06-01 02:00:10,2020-35,2020-08,Sunday,-2161.013333333334,True,30.722303000857146
XRP,47626266,74035,17.44660908,536.0000207,2020-08-30 03:00:47,2020-06-01 01:01:19,2020-35,2020-08,Sunday,-2161.9911111111114,True,30.722303585883978
XRP,47770025,74034,18.2788263,587.7264883,2020-08-29 23:30:47,2020-06-01 01:01:19,2020-34,2020-08,Saturday,-2158.4911111111114,True,32.15340408918925
PEPE,47626266,67796,17.44662509,607.7173138,2020-11-30 23:00:09,2020-08-02 01:00:54,2020-48,2020-11,Monday,-2901.9875,True,34.83294394560753
AVAX,43761307,67793,17.80325947,4931.754715,2020-11-30 22:45:21,2020-08-02 08:00:16,2020-48,2020-11,Monday,-2894.751388888889,True,277.01414582596095
WECAN,45110750,67792,17.48832727,2189.435798,2020-11-30 22:42:54,2020-08-04 22:00:03,2020-48,2020-11,Monday,-2832.7141666666666,True,125.19412315412372
PEPE,45927555,67790,17.44668643,876.9253984,2020-11-30 22:27:26,2020-08-01 01:01:03,2020-48,2020-11,Monday,-2925.4397222222224,True,50.26314893194306
WECAN,42683613,67789,17.46156304,1128.685202,2020-11-30 22:26:23,2020-08-04 22:00:03,2020-48,2020-11,Monday,-2832.438888888889,True,64.63826860255689
UNI,47589954,67787,35.2666262,1230.277342,2020-11-30 22:16:07,2020-08-01 01:01:19,2020-48,2020-11,Monday,-2925.2466666666664,True,34.88503082271023
AVAX,47626266,67784,17.4537265,623.726921,2020-11-30 22:00:25,2020-08-02 08:00:16,2020-48,2020-11,Monday,-2894.0025,True,35.73603155750149
PEPE,47626266,67783,17.44665026,718.1640574,2020-11-30 22:00:09,2020-08-01 01:01:03,2020-48,2020-11,Monday,-2924.985,True,41.163435198018355
BTC,46518613,67777,17.44993762,1284.574799,2020-11-30 21:36:19,2020-08-01 01:00:53,2020-48,2020-11,Monday,-2924.5905555555555,True,73.61486481921303
WECAN,43681799,67773,17.45260896,773.8072325,2020-11-30 21:08:22,2020-08-04 22:00:03,2020-48,2020-11,Monday,-2831.138611111111,True,44.337625066458834
USDT,47626266,67771,17.52363238,536.6714013,2020-11-30 21:00:29,2020-08-01 01:01:30,2020-48,2020-11,Monday,-2923.9830555555554,True,30.625579769209928
USDC,47626266,67769,17.49544767,593.8641513,2020-11-30 21:00:20,2020-08-01 01:01:11,2020-48,2020-11,Monday,-2923.985833333333,True,33.94392429970899
PEPE,43894273,67767,17.44661516,564.1290459,2020-11-30 20:59:08,2020-08-01 01:01:03,2020-48,2020-11,Monday,-2923.9680555555556,True,32.33458414291062
WECAN,47097817,67766,17.44927678,641.7422453,2020-11-30 20:50:24,2020-08-04 22:00:03,2020-48,2020-11,Monday,-2830.8391666666666,True,36.77758415956538
DOT,45166159,67762,21.01007933,976.287889,2020-11-30 20:33:12,2020-08-01 02:00:23,2020-48,2020-11,Monday,-2922.5469444444443,True,46.467596512402125
UNI,45166159,67761,35.2363986,1229.099659,2020-11-30 20:33:05,2020-08-01 01:01:19,2020-48,2020-11,Monday,-2923.5294444444444,True,34.8815346583121
DOT,43630893,67757,17.61743307,557.1063556,2020-11-30 20:27:05,2020-08-01 02:00:23,2020-48,2020-11,Monday,-2922.445,True,31.62244768499637
WECAN,43216641,67756,17.44710808,555.7900344,2020-11-30 20:25:55,2020-08-04 22:00:03,2020-48,2020-11,Monday,-2830.431111111111,True,31.855711092723396
WECAN,45110750,67755,17.52385252,3597.412781,2020-11-30 20:21:22,2020-08-04 22:00:03,2020-48,2020-11,Monday,-2830.3552777777777,True,205.28663870540268
WECAN,45313331,67754,17.47989745,1855.335629,2020-11-30 20:21:17,2020-08-04 22:00:03,2020-48,2020-11,Monday,-2830.353888888889,True,106.1411049067682
WECAN,45313331,67752,17.45272095,778.2458153,2020-11-30 20:16:56,2020-08-04 22:00:03,2020-48,2020-11,Monday,-2830.281388888889,True,44.591660952443064
PEPE,43553645,67749,17.44680871,1413.577905,2020-11-30 20:10:45,2020-08-01 01:01:03,2020-48,2020-11,Monday,-2923.161666666667,True,81.0221472875884
WECAN,46952509,67746,17.44989057,666.0688694,2020-11-30 20:01:14,2020-08-04 22:00:03,2020-48,2020-11,Monday,-2830.0197222222223,True,38.170375150954314
PEPE,46505322,67741,17.44671855,1017.871584,2020-11-30 19:51:53,2020-08-01 01:01:03,2020-48,2020-11,Monday,-2922.847222222222,True,58.34172088481361
PEPE,46788247,67722,17.44662042,587.1992494,2020-11-30 18:47:12,2020-08-01 01:01:03,2020-48,2020-11,Monday,-2921.7691666666665,True,33.656905192186215
BTC,43646884,67715,17.45002189,1303.523773,2020-11-30 18:07:47,2020-08-01 01:00:53,2020-48,2020-11,Monday,-2921.115,True,74.70040904344103
PEPE,46518359,67713,17.44665202,725.8860714,2020-11-30 17:57:01,2020-08-01 01:01:03,2020-48,2020-11,Monday,-2920.9327777777776,True,41.606038256960666
UNI,43527569,67712,19.35072251,610.1852831,2020-11-30 17:49:47,2020-08-01 01:01:19,2020-48,2020-11,Monday,-2920.8077777777776,True,31.532945748391075
AVAX,43426358,67710,17.45327264,618.1331404,2020-11-30 17:44:49,2020-08-02 08:00:15,2020-48,2020-11,Monday,-2889.742777777778,True,35.41646046274104
SHIB,42822494,67706,35.0258336,1628.708617,2020-11-30 17:06:32,2020-08-01 02:00:38,2020-48,2020-11,Monday,-2919.0983333333334,True,46.50020997644436
SHIB,46619060,67705,17.94676461,567.0892329,2020-11-30 17:04:14,2020-08-01 02:00:38,2020-48,2020-11,Monday,-2919.06,True,31.59841036662485
BTC,43620768,67700,17.44664218,543.5168438,2020-11-30 16:55:36,2020-08-01 01:00:53,2020-48,2020-11,Monday,-2919.9119444444445,True,31.153091706268942
MATIC,46824335,67698,18.94460034,628.8459599,2020-11-30 16:45:32,2020-08-01 01:00:09,2020-48,2020-11,Monday,-2919.756388888889,True,33.193941736117935
PEPE,42871476,67694,17.44694164,1996.953155,2020-11-30 16:04:36,2020-08-01 01:01:02,2020-48,2020-11,Monday,-2919.0594444444446,True,114.4586367172602
AVAX,46069639,67692,17.5138432,1364.671122,2020-11-30 15:54:56,2020-08-02 08:00:15,2020-48,2020-11,Monday,-2887.9113888888887,True,77.91956947519091
PEPE,43871332,67689,17.44661101,545.9011717,2020-11-30 15:21:11,2020-08-01 01:01:02,2020-48,2020-11,Monday,-2918.3358333333335,True,31.28981160794505
BTC,47143771,67687,17.44994213,1285.58825,2020-11-30 15:04:22,2020-08-01 01:00:53,2020-48,2020-11,Monday,-2918.0580555555557,True,73.67292340699585
XRP,43761779,67682,19.48742879,662.8512484,2020-11-30 13:46:25,2020-08-01 01:00:17,2020-48,2020-11,Monday,-2916.768888888889,True,34.01429996450548
UNI,43623045,67656,18.84806311,590.6014059,2020-11-30 11:58:44,2020-08-01 01:01:19,2020-48,2020-11,Monday,-2914.9569444444446,True,31.334859314358486
MATIC,47626266,67651,17.44660887,536.0003996,2020-11-30 11:00:41,2020-08-01 01:00:26,2020-48,2020-11,Monday,-2914.0041666666666,True,30.722325673367383
USDT,47626266,67650,17.44662415,536.0001342,2020-11-30 11:00:39,2020-08-01 01:01:30,2020-48,2020-11,Monday,-2913.985833333333,True,30.722283554208392
MATIC,47626266,67649,17.44661108,536.0001444,2020-11-30 11:00:38,2020-08-01 01:00:09,2020-48,2020-11,Monday,-2914.0080555555555,True,30.722307154221262
AVAX,42862945,67648,20.20300896,34508.89945,2020-11-30 10:56:02,2020-08-02 08:00:15,2020-48,2020-11,Monday,-2882.929722222222,True,1708.1069220097004
PEPE,45681619,67646,17.44661008,541.8515557,2020-11-30 10:48:35,2020-08-01 01:01:02,2020-48,2020-11,Monday,-2913.7925,True,31.05769849932933
BTC,43711206,67645,17.44741784,717.9421754,2020-11-30 10:47:47,2020-08-01 01:00:53,2020-48,2020-11,Monday,-2913.7816666666668,True,41.14890707518013
SHIB,47776225,67637,17.78124306,556.8005642,2020-11-30 09:50:05,2020-08-01 02:00:38,2020-48,2020-11,Monday,-2911.8241666666668,True,31.31392795887016
DOT,44159670,67635,18.78583742,701.4696321,2020-11-30 09:30:06,2020-08-01 02:00:23,2020-48,2020-11,Monday,-2911.4952777777776,True,37.340344027101665
XRP,47620615,67634,18.55941171,605.1684922,2020-11-30 09:15:24,2020-08-01 01:00:17,2020-48,2020-11,Monday,-2912.2519444444442,True,32.60709453812747
AVAX,47626266,67631,17.58688574,2264.927518,2020-11-30 09:00:23,2020-08-02 08:00:15,2020-48,2020-11,Monday,-2881.0022222222224,True,128.78502490344832
BTC,46782998,67626,17.44689263,599.8365276,2020-11-30 08:43:05,2020-08-01 01:00:53,2020-48,2020-11,Monday,-2911.7033333333334,True,34.380708377179936
BTC,43201791,67625,17.44993762,1284.574799,2020-11-30 08:24:33,2020-08-01 01:00:53,2020-48,2020-11,Monday,-2911.3944444444446,True,73.61486481921303
USDC,43526764,67624,17.69461838,829.8407823,2020-11-30 08:13:37,2020-08-01 01:01:11,2020-48,2020-11,Monday,-2911.2072222222223,True,46.89791915704485
PEPE,47626266,67623,17.44660875,536.0035063,2020-11-30 08:00:07,2020-08-01 01:01:02,2020-48,2020-11,Monday,-2910.9847222222224,True,30.72250395366951
PEPE,46802787,67617,17.44750495,4469.165957,2020-11-30 07:23:46,2020-08-01 01:01:02,2020-48,2020-11,Monday,-2910.378888888889,True,256.1492872366258
PEPE,47626266,67612,17.44660984,540.7631456,2020-11-30 07:00:09,2020-08-01 01:01:02,2020-48,2020-11,Monday,-2909.985277777778,True,30.99531373483159
SHIB,47626266,67600,17.44660912,536.0000228,2020-11-30 03:00:39,2020-08-01 02:00:38,2020-48,2020-11,Monday,-2905.0002777777777,True,30.7223036358139
XRP,47626266,67599,17.44660898,536.0000145,2020-11-30 03:00:36,2020-08-01 01:00:17,2020-48,2020-11,Monday,-2906.005277777778,True,30.722303406607328
PEPE,47626266,67598,17.4466088,536.2210422,2020-11-30 03:00:31,2020-08-01 01:01:02,2020-48,2020-11,Monday,-2905.991388888889,True,30.734972529446527
WECAN,47079479,67361,17.44759384,572.8156474,2020-11-29 22:01:21,2020-08-04 22:00:03,2020-48,2020-11,Sunday,-2808.0216666666665,True,32.830638577038314
WECAN,46455951,67246,17.44993762,660.4099667,2020-11-29 13:22:06,2020-08-04 22:00:03,2020-48,2020-11,Sunday,-2799.3675,True,37.84597865513745
WECAN,42974529,67236,17.44677519,542.2204983,2020-11-29 12:35:21,2020-08-04 22:00:03,2020-48,2020-11,Sunday,-2798.588333333333,True,31.078551330837662
WECAN,43767212,67231,17.44727452,560.8819933,2020-11-29 12:09:35,2020-08-04 22:00:03,2020-48,2020-11,Sunday,-2798.1588888888887,True,32.147255587516256
WECAN,42585290,67229,17.96124897,19769.66457,2020-11-29 11:58:19,2020-08-04 22:00:03,2020-48,2020-11,Sunday,-2797.971111111111,True,1100.6842899967887
WECAN,43702514,67220,17.45328583,785.5428561,2020-11-29 10:46:58,2020-08-04 22:00:03,2020-48,2020-11,Sunday,-2796.7819444444444,True,45.0083075331151
WECAN,47626266,67192,17.44660876,536.0003483,2020-11-29 09:00:19,2020-08-04 22:00:03,2020-48,2020-11,Sunday,-2795.0044444444443,True,30.722322926670596
WECAN,47626266,67145,17.44660875,536.0001617,2020-11-29 03:00:52,2020-08-04 22:00:03,2020-48,2020-11,Sunday,-2789.013611111111,True,30.72231224879162
BTC,43595695,67107,17.44673497,563.9462942,2020-11-28 22:04:56,2020-08-02 10:00:01,2020-47,2020-11,Saturday,-2844.0819444444446,True,32.32388725854531
BTC,43630893,67099,17.44743195,718.2627602,2020-11-28 21:50:34,2020-08-02 10:00:01,2020-47,2020-11,Saturday,-2843.8425,True,41.1672481232976
WECAN,43983552,67093,17.46027657,1012.591228,2020-11-28 21:20:27,2020-08-02 16:00:04,2020-47,2020-11,Saturday,-2837.339722222222,True,57.9939970561417
WECAN,46405203,67084,17.44900943,619.7106808,2020-11-28 20:56:10,2020-08-02 16:00:04,2020-47,2020-11,Saturday,-2836.935,True,35.51552214388367
BTC,42637561,67061,17.484004,8815.594614,2020-11-28 19:54:52,2020-08-02 10:00:01,2020-47,2020-11,Saturday,-2841.9141666666665,True,504.20913962270885
BTC,42750482,67055,17.44666278,547.9618719,2020-11-28 19:34:24,2020-08-02 10:00:01,2020-47,2020-11,Saturday,-2841.5730555555556,True,31.407833051496624
BTC,46920559,67050,17.4466923,554.4978079,2020-11-28 19:19:20,2020-08-02 10:00:01,2020-47,2020-11,Saturday,-2841.3219444444444,True,31.78240312635078
BTC,47771018,67034,17.44664204,543.3703728,2020-11-28 17:57:36,2020-08-02 10:00:01,2020-47,2020-11,Saturday,-2839.9597222222224,True,31.144696587126173
BTC,43629562,67019,17.44993762,1273.037282,2020-11-28 16:22:19,2020-08-02 10:00:01,2020-47,2020-11,Saturday,-2838.3716666666664,True,72.953686696331
BTC,47732094,67008,17.44669279,554.6063367,2020-11-28 15:09:25,2020-08-02 10:00:01,2020-47,2020-11,Saturday,-2837.1566666666668,True,31.78862282815493
BTC,42615839,66997,17.47996598,7921.546302,2020-11-28 14:34:37,2020-08-02 10:00:00,2020-47,2020-11,Saturday,-2836.5769444444445,True,453.1785880512337
BTC,47597250,66991,17.44671413,559.3308636,2020-11-28 14:03:25,2020-08-02 10:00:00,2020-47,2020-11,Saturday,-2836.0569444444445,True,32.059381464743474
WECAN,44116554,66970,17.49941417,2377.303746,2020-11-28 12:40:12,2020-08-02 16:00:04,2020-47,2020-11,Saturday,-2828.668888888889,True,135.85047607339416
BTC,43725226,66967,17.44681865,582.4739006,2020-11-28 12:14:51,2020-08-02 10:00:00,2020-47,2020-11,Saturday,-2834.2475,True,33.3856797783589
WECAN,44970766,66943,17.44827319,594.0381778,2020-11-28 10:13:16,2020-08-02 16:00:04,2020-47,2020-11,Saturday,-2826.22,True,34.045671530432976
WECAN,45813300,66942,17.44998039,653.5678334,2020-11-28 10:10:04,2020-08-02 16:00:04,2020-47,2020-11,Saturday,-2826.1666666666665,True,37.45378612428343
BTC,43370260,66915,17.44936169,1145.522816,2020-11-28 07:56:24,2020-08-02 10:00:00,2020-47,2020-11,Saturday,-2829.94,True,65.64840802494707
WECAN,43216641,66909,17.44860607,605.6458133,2020-11-28 07:33:31,2020-08-02 16:00:04,2020-47,2020-11,Saturday,-2823.5575,True,34.71026916822359
BTC,46079745,66866,17.44716098,657.6450067,2020-11-27 23:29:06,2020-08-02 10:00:00,2020-47,2020-11,Friday,-2821.485,True,37.693525465482345
BTC,43426937,66854,17.54647486,22534.47419,2020-11-27 22:46:06,2020-08-02 14:00:01,2020-47,2020-11,Friday,-2816.7680555555557,True,1284.2735859936713
WECAN,46424613,66837,17.4595086,954.3802411,2020-11-27 21:44:13,2020-08-02 16:00:03,2020-47,2020-11,Friday,-2813.7361111111113,True,54.66249153770571
WECAN,43555290,66821,17.44994192,644.1044115,2020-11-27 20:55:01,2020-08-02 16:00:03,2020-47,2020-11,Friday,-2812.916111111111,True,36.91155044830086
BTC,42664663,66817,17.44680649,579.5589001,2020-11-27 20:43:02,2020-08-02 14:00:01,2020-47,2020-11,Friday,-2814.7169444444444,True,33.21862373106426
MATIC,47626266,66813,17.69165721,551.7773694,2020-11-27 20:00:26,2020-08-02 10:00:11,2020-47,2020-11,Friday,-2818.0041666666666,True,31.188563222223998
BTC,44631048,66798,17.44664952,544.9803418,2020-11-27 18:46:40,2020-08-02 14:00:01,2020-47,2020-11,Friday,-2812.7775,True,31.23696278619346
WECAN,47794779,66796,17.44991066,643.0907465,2020-11-27 18:29:30,2020-08-02 16:00:03,2020-47,2020-11,Friday,-2810.4908333333333,True,36.8535265899178
BTC,43820693,66795,17.46340589,4236.069268,2020-11-27 18:28:29,2020-08-02 14:00:01,2020-47,2020-11,Friday,-2812.4744444444445,True,242.568333730689
BTC,45964881,66777,17.48024166,7944.647377,2020-11-27 17:54:46,2020-08-02 14:00:01,2020-47,2020-11,Friday,-2811.9125,True,454.4929945207634
MATIC,47626266,66754,17.44661241,536.0002358,2020-11-27 17:00:29,2020-08-02 10:00:11,2020-47,2020-11,Friday,-2815.005,True,30.722310051020386
WECAN,46788440,66747,17.45326649,751.9302255,2020-11-27 16:12:41,2020-08-02 16:00:03,2020-47,2020-11,Friday,-2808.2105555555554,True,43.08249266295366
MATIC,42853522,66732,51.72191785,2742.805235,2020-11-27 15:09:03,2020-08-02 10:00:11,2020-47,2020-11,Friday,-2813.1477777777777,True,53.029844000651266
BTC,47382780,66722,17.44667587,550.7856438,2020-11-27 14:54:21,2020-08-02 14:00:01,2020-47,2020-11,Friday,-2808.9055555555556,True,31.569661057731338
BTC,46480992,66712,17.4473876,707.5654036,2020-11-27 13:47:31,2020-08-02 14:00:01,2020-47,2020-11,Friday,-2807.7916666666665,True,40.55423194702226
BTC,46128225,66711,17.44998239,1279.145394,2020-11-27 13:43:09,2020-08-02 14:00:00,2020-47,2020-11,Friday,-2807.7191666666668,True,73.30353494987109
BTC,42841352,66710,17.44927185,1122.625978,2020-11-27 13:30:57,2020-08-02 14:00:00,2020-47,2020-11,Friday,-2807.5158333333334,True,64.3365515564479
BTC,42619439,66695,17.45337379,2026.199784,2020-11-27 12:25:28,2020-08-02 14:00:00,2020-47,2020-11,Friday,-2806.4244444444444,True,116.09215549837828
WECAN,46040749,66682,17.47490415,1453.703458,2020-11-27 11:05:09,2020-08-02 16:00:03,2020-47,2020-11,Friday,-2803.085,True,83.1880647539918
WECAN,42973235,66677,17.4472906,558.1143202,2020-11-27 10:52:38,2020-08-02 16:00:03,2020-47,2020-11,Friday,-2802.876388888889,True,31.988595421228325
BTC,43657294,66670,17.44832761,914.6294956,2020-11-27 10:10:24,2020-08-02 14:00:00,2020-47,2020-11,Friday,-2804.173333333333,True,52.41932155582675
MATIC,46753494,66653,20.60903545,739.6118702,2020-11-27 09:06:48,2020-08-02 10:00:11,2020-47,2020-11,Friday,-2807.110277777778,True,35.88774797318329
BTC,43289613,66649,17.4507029,1437.858093,2020-11-27 08:57:23,2020-08-02 14:00:00,2020-47,2020-11,Friday,-2802.956388888889,True,82.39542563067761
WECAN,42804679,66623,17.46686679,1193.028302,2020-11-27 06:48:21,2020-08-02 16:00:03,2020-47,2020-11,Friday,-2798.805,True,68.30236449063798
WECAN,47626266,66422,17.44669504,538.5887477,2020-11-26 11:00:29,2020-08-02 16:00:03,2020-47,2020-11,Thursday,-2779.007222222222,True,30.8705314367666
WECAN,47128047,66324,17.74640816,9530.289277,2020-11-26 06:06:43,2020-08-02 16:00:03,2020-47,2020-11,Thursday,-2774.1111111111113,True,537.0263768913562
WECAN,47626266,66290,17.44660875,536.0001278,2020-11-26 03:00:52,2020-08-02 16:00:03,2020-47,2020-11,Thursday,-2771.013611111111,True,30.722310305720587
